{
  "language": "wiki103",
  "timestamp": "20260101200105",
  "model_number": 1,
  "global_step": 20500,
  "val_ppl": 57.095485661087054,
  "best_val_ppl": 57.095485661087054,
  "prev_best_val_ppl": 57.34293482981441,
  "train_tokens": 1000000000,
  "seen_tokens": 984000000,
  "tokens_per_step": 48000,
  "total_steps": 20834,
  "warmup_steps": 416,
  "d_model": 768,
  "num_heads": 12,
  "num_blocks": 12,
  "d_ff": 3072,
  "seq_len": 128,
  "batch_size": 375,
  "dropout": 0.1,
  "lr": 0.00025,
  "weight_decay": 0.1,
  "grad_clip": 1.0,
  "grad_accum_steps": 1,
  "val_frac": 0.1,
  "eval_every": 500,
  "eval_batches": 100,
  "vocabulary_path": "models/wiki103/20260101200105/vocabulary.json",
  "merges_path": "models/wiki103/20260101200105/merges.pkl",
  "token_ids_path": "models/wiki103/20260101200105/token_ids.npy",
  "checkpoint_path": "models/wiki103/20260101200105/training_run_1/weights.ckpt",
  "last_checkpoint_path": "models/wiki103/20260101200105/training_run_1/last.ckpt",
  "host": "a100gpu5",
  "python": "3.12.3",
  "torch": "2.9.1+cu128",
  "cuda": "12.8",
  "git_commit": "fa242e7"
}
