{
  "language": "wiki103",
  "timestamp": "20260101200105",
  "model_number": 2,
  "global_step": 2000,
  "val_ppl": 478.92807581007736,
  "best_val_ppl": 478.92807581007736,
  "prev_best_val_ppl": 1455.0888412425343,
  "train_tokens": 5000000000,
  "seen_tokens": 102400000,
  "tokens_per_step": 51200,
  "total_steps": 97657,
  "warmup_steps": 1953,
  "d_model": 768,
  "num_heads": 12,
  "num_blocks": 12,
  "d_ff": 3072,
  "seq_len": 128,
  "batch_size": 400,
  "dropout": 0.1,
  "lr": 0.00025,
  "weight_decay": 0.1,
  "grad_clip": 1.0,
  "grad_accum_steps": 1,
  "val_frac": 0.1,
  "eval_every": 1000,
  "eval_batches": 100,
  "vocabulary_path": "models/wiki103/20260101200105/vocabulary.json",
  "merges_path": "models/wiki103/20260101200105/merges.pkl",
  "token_ids_path": "models/wiki103/20260101200105/token_ids.npy",
  "checkpoint_path": "models/wiki103/20260101200105/training_run_2/weights.ckpt"
}
