{
  "language": "openwebtext",
  "timestamp": "20260102184045",
  "model_number": 2,
  "global_step": 113000,
  "val_ppl": 56.648575217950174,
  "best_val_ppl": 56.648575217950174,
  "prev_best_val_ppl": 56.968530841017895,
  "train_tokens": 10000000000,
  "seen_tokens": 5424000000,
  "tokens_per_step": 48000,
  "total_steps": 208334,
  "warmup_steps": 4166,
  "d_model": 768,
  "num_heads": 12,
  "num_blocks": 12,
  "d_ff": 3072,
  "seq_len": 128,
  "batch_size": 375,
  "dropout": 0.1,
  "lr": 0.00025,
  "weight_decay": 0.1,
  "grad_clip": 1.0,
  "grad_accum_steps": 1,
  "val_frac": 0.1,
  "eval_every": 1000,
  "eval_batches": 100,
  "vocabulary_path": "models/openwebtext/20260102184045/vocabulary.json",
  "merges_path": "models/openwebtext/20260102184045/merges.pkl",
  "token_ids_path": "models/openwebtext/20260102184045/token_ids.npy",
  "checkpoint_path": "models/openwebtext/20260102184045/training_run_2/weights.ckpt"
}
