{
  "stage": "sft",
  "dataset": "squad_v2",
  "language": "openwebtext",
  "timestamp": "20260108135954",
  "base_model_number": 3,
  "model_number": 1,
  "global_step": 500,
  "train_nll": 2.0289985013008116,
  "val_nll": 2.400257639884949,
  "val_ppl": 11.026016756417414,
  "best_val_ppl": 11.026016756417414,
  "seen_tokens": 5632000,
  "tokens_per_step": 11264,
  "total_steps": 8878,
  "warmup_steps": 177,
  "checkpoint_path": "models/openwebtext/20260108135954/training_run_3/sft_run_1/weights.ckpt"
}
