{
  "stage": "sft",
  "dataset": "tatsu-lab/alpaca",
  "language": "openwebtext",
  "timestamp": "20260108135954",
  "base_model_number": 1,
  "model_number": 1,
  "global_step": 625,
  "train_nll": 1.980800256729126,
  "val_nll": 2.7396901512145995,
  "val_ppl": 15.482187216165375,
  "best_val_ppl": 15.482187216165375,
  "seen_tokens": 30000000,
  "tokens_per_step": 48000,
  "total_steps": 625,
  "warmup_steps": 12,
  "checkpoint_path": "models/openwebtext/20260108135954/training_run_1/sft_run_1/weights.ckpt"
}
