global_step,seen_tokens,lr,recent_loss,step_ms,tok_s_M,vram_gb,val_ppl,best_val_ppl,saved_best,saved_last
500,24M,0.00025,7.6533,293.8,0.163,33.6,1790.39,1790.39,1,1
1000,48M,0.0002495,6.8385,292.7,0.164,33.6,1078.31,1078.31,1,1
1500,72M,0.0002483,6.4628,294.0,0.163,33.6,625.58,625.58,1,1
2000,96M,0.0002463,6.1939,293.5,0.164,33.6,483.23,483.23,1,1
