{
  "stage": "sft",
  "dataset": "squad_v2",
  "language": "openwebtext",
  "timestamp": "20260108135954",
  "base_model_number": 3,
  "model_number": 3,
  "global_step": 100,
  "train_nll": 1.146158641576767,
  "val_nll": 3.1854233169555664,
  "val_ppl": 24.17752099445868,
  "best_val_ppl": 24.17752099445868,
  "seen_tokens": 1126400,
  "tokens_per_step": 11264,
  "total_steps": 8878,
  "warmup_steps": 177,
  "checkpoint_path": "models/openwebtext/20260108135954/training_run_3/sft_run_3/weights.ckpt"
}
