{
  "stage": "sft",
  "dataset": "squad_v2",
  "language": "openwebtext",
  "timestamp": "20260108135954",
  "base_model_number": 3,
  "model_number": 2,
  "global_step": 100,
  "train_nll": 1.767121331691742,
  "val_nll": 3.182742953300476,
  "val_ppl": 24.1128032182488,
  "best_val_ppl": 24.1128032182488,
  "seen_tokens": 819200,
  "tokens_per_step": 8192,
  "total_steps": 12208,
  "warmup_steps": 244,
  "checkpoint_path": "models/openwebtext/20260108135954/training_run_3/sft_run_2/weights.ckpt"
}
